,,,,,TestName,UUT Current Measurment,24 VDC Measurment,5 VDC Measurment,3.3 VDC Measurment,1.35 VDC Measurment,1.275 VDC Measurment,VDC w/18 VAC Power,VDC w/7 VAC Power,24 VAC Binary Output 1,24 VAC Binary Output 2,24 VAC Binary Output 3,24 VAC Binary Output 4,24 VAC Binary Output 5,24 VAC Binary Output 6,24 VAC Binary Output 7,24 VAC Binary Output 8,24 VAC Binary Output 9,24 VAC Binary Output 10,24 VAC Binary Output 11,24 VAC Binary Output 12,24 VAC Binary Output 13,0 VAC Binary Output 1,0 VAC  Binary Output 2,0 VAC  Binary Output 3,0 VAC  Binary Output 4,0 VAC  Binary Output 5,0 VAC  Binary Output 6,0 VAC  Binary Output 7,0 VAC  Binary Output 8,0 VAC  Binary Output 9,0 VAC  Binary Output 10,0 VAC  Binary Output 11,0 VAC  Binary Output 12,0 VAC  Binary Output 13,AI1 Resistance Input Mode 10k,AI2 Resistance Input Mode 10k,AI3 Resistance Input Mode 10k,AI4 Resistance Input Mode 10k,AI5 Resistance Input Mode 10k,AI6 Resistance Input Mode 10k,AI7 Resistance Input Mode 10k,AI8 Resistance Input Mode 10k,AI9 Resistance Input Mode 10k,AO1 Voltage Output Mode 10V,AO1 Voltage Output Mode 0V,AO1 Current Output Mode 10 mA,AO1 Current Output Mode 0 mA,AO1 PWM Output Mode 80Hz,UI1 Voltage Input Mode 10V,UI1 Current Input Mode 10mA,UI1 Resistance Input Mode 10k,UIO1 Current Input Mode 10mA,UIO1 Resistance Input Mode 10k,UIO1 Binary Input Mode "0",UIO1 Binary Input Mode "1",UIO1 Voltage Output Mode 10V,UIO1 Voltage Output Mode 0V
,,,,,LowLimit,0.1,22.8,4.75,3.135,1.337,1.262,22.8,0,22.8,22.8,22.8,22.8,22.8,22.8,22.8,22.8,22.8,22.8,22.8,22.8,22.8,0,0,0,0,0,0,0,0,0,0,0,0,0,9900,9900,9900,9900,9900,9900,9900,9900,9900,9.85,-0.10,9.75,-0.25,79.20,9.50,9.50,9900,9.50,9900,Passed,Passed,9.50,-0.05
,,,,,HighLimit,0.3,25.2,5.25,3.465,1.363,1.288,25.2,24,25.2,25.2,25.2,25.2,25.2,25.2,25.2,25.2,25.2,25.2,25.2,25.2,25.2,1.2,1.2,1.2,1.2,1.2,1.2,1.2,1.2,1.2,1.2,1.2,1.2,1.2,10100,10100,10100,10100,10100,10100,10100,10100,10100,10.15,0.10,10.75,0.25,80.80,10.10,10.15,10100,10.15,10100,Passed,Passed,10.20,1.00
,,,,,Units,A,VDC,VDC,VDC,VDC,VDC,VDC,VDC,VAC,VAC,VAC,VAC,VAC,VAC,VAC,VAC,VAC,VAC,VAC,VAC,VAC,VAC,VAC,VAC,VAC,VAC,VAC,VAC,VAC,VAC,VAC,VAC,VAC,VAC,Ohms,Ohms,Ohms,Ohms,Ohms,Ohms,Ohms,Ohms,Ohms,VDC,VDC,mADC,mADC,Hz,VDC,mADC,Ohms,mADC,Ohms,,,VDC,VDC
SN,Date,CycleTime,Nest,Status,FirstFail
S223504526,03/09/2022 08:37:31 p. m.,130.46s,2,Failed,AO1 Voltage Output Mode 10V,0.182419,23.7942993,4.99793576,3.31915387,1.34640052,1.2725293,23.7981921,4.28322807,23.8856018,23.8817095,23.8818977,23.8878715,23.8883099,23.8893297,23.8890484,23.8885153,23.8892068,23.8871433,23.8874113,23.8858031,23.8873018,0.0639983705,0.0724326901,0.0962289325,0.0897218164,0.0784035912,0.0990339079,0.0943342847,0.0891480866,0.103398214,0.107133967,0.109467152,0.0989336855,0.102020793,9996,9996,9999,9998,9997,9997,9997,9996,9998,0.00,,,,,,,,,,,,,
S223504526,03/09/2022 08:39:42 p. m.,113.98s,2,Passed,,0.179199,23.7965005,4.99783183,3.31910594,1.34656173,1.27276416,23.7830356,4.25480341,23.8837489,23.8808136,23.8855703,23.8829639,23.8831431,23.8878779,23.8881214,23.8882456,23.8883528,23.8869359,23.8863505,23.8887064,23.8879448,0.11847703,0.119395232,0.13157896,0.0953982707,0.075410358,0.0698853665,0.0513432212,0.0376269684,0.0214422141,0.0115678208,0.0168891829,0.0165796081,0.025824195,9999,9998,10000,9999,9999,9999,9999,9997,9997,10.06,0.00,9.95,0.00,80.31,10.00,9.98,10005,10.01,10004,Passed,Passed,10.02,0.04
S223504526,03/09/2022 08:44:35 p. m.,106.69s,2,Passed,,0.181351,23.7956607,4.99788781,3.31908789,1.34655735,1.2727498,23.7964293,4.29458571,23.8877607,23.8833082,23.8834491,23.8900764,23.890409,23.8901324,23.8901634,23.8904812,23.8902176,23.8890595,23.8865979,23.8885278,23.8899048,0.0844604295,0.0978219734,0.130838073,0.120136049,0.108713237,0.133249787,0.125591538,0.118229596,0.13198016,0.134912172,0.137444529,0.123755324,0.123522432,9998,9997,9998,9997,9996,9997,9996,9996,9994,10.06,0.00,9.95,0.00,80.32,10.00,9.99,10003,10.01,10001,Passed,Passed,10.03,0.04
S223504526,03/09/2022 08:47:17 p. m.,106.11s,2,Passed,,0.181473,23.7963308,4.99779437,3.31903376,1.34659279,1.27279086,23.7988443,4.29510841,23.8858997,23.8829751,23.8828334,23.8888776,23.8900893,23.8896635,23.8890853,23.889669,23.8905169,23.8884615,23.8882894,23.8867979,23.8879902,0.135464932,0.140104324,0.166452898,0.137974158,0.115219273,0.129118621,0.110182677,0.0911703648,0.0913546687,0.0823259012,0.0728679122,0.0553569184,0.0518711248,10000,9999,10001,9999,9999,9999,9999,9997,9997,10.04,0.00,9.95,0.00,80.33,10.00,9.98,10006,10.01,10005,Passed,Passed,10.02,0.04
S223504526,03/09/2022 08:50:28 p. m.,114.59s,2,Passed,,0.181381,23.7962307,4.99780562,3.31909335,1.34656669,1.27271457,23.7857383,4.28336384,23.8813394,23.8866652,23.8822085,23.884063,23.8896405,23.8891323,23.8889803,23.8894853,23.8890464,23.887859,23.8872951,23.8906877,23.8852491,0.0879646023,0.0868511744,0.0904463225,0.06833176,0.0566088433,0.0561689946,0.0459501313,0.0396734239,0.0326110291,0.029653672,0.032889842,0.0301239736,0.0191465163,9997,9996,9999,9998,9997,9998,9997,9997,9998,10.05,0.00,9.95,0.00,80.32,10.00,10.00,9999,10.01,10001,Passed,Passed,10.02,0.04
S223504526,03/09/2022 08:52:50 p. m.,117.12s,2,Passed,,0.180893,23.7969842,4.99774575,3.31904398,1.34661831,1.27280801,23.7974427,4.29849116,23.8858936,23.8834529,23.8836491,23.8906385,23.890367,23.889781,23.8899418,23.8910229,23.8907323,23.8882998,23.8885956,23.891602,23.8900401,0.0218437335,0.0172055025,0.0195867185,0.0216253756,0.00709596163,0.0132389365,0.00711308832,0.00674573002,0.00805890711,0.0117787935,0.0173056901,0.0138111983,0.0121680237,9999,9998,10000,9999,9998,9998,9998,9997,9996,10.04,0.00,9.95,0.00,80.33,10.00,9.98,10004,10.01,10004,Passed,Passed,10.02,0.04
S223504526,03/09/2022 08:54:45 p. m.,100.75s,2,Passed,,0.180893,23.7974769,4.99769151,3.31902871,1.34664147,1.27283725,23.7983069,23.7977578,23.8846916,23.8832478,23.8829852,23.8831743,23.8903925,23.8898317,23.89033,23.8903518,23.8897733,23.8893219,23.8888107,23.8855494,23.8915915,0.0231499107,0.0337737114,0.0438308486,0.0575134453,0.053439838,0.0526224976,0.0628540424,0.0615549293,0.0612437566,0.0621144596,0.0625758519,0.0693637636,0.0680018428,9998,9998,9999,9998,9997,9997,9998,9996,9996,10.04,0.00,9.95,0.00,80.32,10.00,9.98,10004,10.01,10002,Passed,Passed,10.02,0.04
S223504526,03/09/2022 08:56:52 p. m.,114.09s,2,Passed,,0.181137,23.7975211,4.99767454,3.31900989,1.34665516,1.27284772,23.7768981,4.28598533,23.8830882,23.8874009,23.8834523,23.8850583,23.8892584,23.890669,23.8902661,23.8897126,23.8907477,23.8883614,23.8879944,23.8882963,23.8904438,0.0993862221,0.0978908671,0.112832243,0.0906097284,0.0689486225,0.0763850489,0.0621688388,0.0487081943,0.0510847672,0.0472574283,0.0417046845,0.0286184484,0.0252203312,9996,9996,9999,9997,9997,9997,9997,9997,9997,10.05,0.00,9.95,0.00,80.32,9.99,10.00,9998,10.01,10001,Passed,Passed,10.02,0.04
S223504526,03/09/2022 08:58:48 p. m.,104.58s,2,Passed,,0.180969,23.7977032,4.99766704,3.31897486,1.34667448,1.27286691,23.799773,4.28504091,23.8824757,23.8877071,23.8832377,23.884939,23.889711,23.8895603,23.8899106,23.8900524,23.8898661,23.8885956,23.8881878,23.8890248,23.8896953,0.101511881,0.114062995,0.14895343,0.134211139,0.121748871,0.147807065,0.139120535,0.131022927,0.144002215,0.146214587,0.149161686,0.135716307,0.133465762,10000,9999,10001,9999,9999,9999,9999,9997,9997,10.06,0.00,9.95,0.00,80.32,10.00,9.98,10006,10.01,10005,Passed,Passed,10.02,0.04
S223504526,03/09/2022 09:00:45 p. m.,100.45s,2,Passed,,0.181137,23.7977995,4.99765497,3.31895419,1.34667859,1.27287468,23.7930799,4.29839974,23.8825533,23.8873009,23.8827009,23.8845808,23.8891048,23.8900798,23.8891565,23.8900442,23.8901927,23.8870757,23.8886373,23.8865306,23.8895341,0.0910912047,0.0970463473,0.115313336,0.0975032238,0.0905571639,0.105556339,0.102003209,0.100419689,0.108704303,0.113592211,0.122581088,0.117648793,0.116519799,10000,9999,10001,9999,9999,9999,9999,9997,9997,10.04,0.00,9.95,0.00,80.33,10.00,9.99,10006,10.01,10005,Passed,Passed,10.02,0.04
S223504526,03/09/2022 09:02:55 p. m.,99.46s,2,Passed,,0.181259,23.7976996,4.9976787,3.31894192,1.34667407,1.27288008,23.7918507,4.29913808,23.8827296,23.8848128,23.8829927,23.8847036,23.8893159,23.8902762,23.8899776,23.8893451,23.8904984,23.888746,23.8890161,23.890427,23.8883484,0.00650660169,0.00995782478,0.0188441436,0.0251651945,0.0272315414,0.0366439106,0.0398662501,0.0456619831,0.050595641,0.0575431335,0.0686729434,0.0699927608,0.0674326246,9999,9999,9999,9998,9998,9998,9999,9997,9996,10.05,0.00,9.95,0.00,80.35,10.00,9.98,10005,10.01,10003,Passed,Passed,10.02,0.04
S223503535,03/09/2022 09:05:17 p. m.,106.73s,2,Failed,AO1 Current Output Mode 10 mA,0.182465,23.8367895,4.99312252,3.33239603,1.35225077,1.276612,23.8488862,4.26421456,23.8791456,23.8752897,23.8725973,23.8805186,23.8831886,23.8821909,23.8832241,23.8829611,23.8831292,23.8807943,23.879113,23.8798446,23.881605,0.14308521,0.150958198,0.181741241,0.152642164,0.130780613,0.148229926,0.129823096,0.112905102,0.116615427,0.107648616,0.0886393632,0.0764710736,0.0542943881,10003,10002,10000,10002,10001,10001,9999,10001,10002,10.08,0.01,1.50,,,,,,,,,,,
S223503535,03/09/2022 09:07:13 p. m.,103.11s,2,Passed,,0.180359,23.8414649,4.99298344,3.33212372,1.35262101,1.27700506,23.842403,4.2869872,23.8808833,23.8785713,23.8786127,23.8839952,23.8856191,23.8863087,23.8853429,23.8860088,23.8861695,23.8839398,23.8842963,23.8822748,23.8867422,0.12573947,0.138797629,0.171213217,0.147091102,0.133000155,0.155190602,0.14424677,0.135018004,0.145087674,0.146002712,0.148678746,0.134566773,0.132368179,10005,10004,10002,10003,10002,10002,10001,10002,10002,10.08,0.01,9.98,0.00,80.33,10.00,9.99,9999,10.01,10016,Passed,Passed,10.03,0.04
S223503535,03/09/2022 09:09:12 p. m.,107.29s,2,Passed,,0.180237,23.8429366,4.9928655,3.3319836,1.35276466,1.27713463,23.8429366,23.8362004,23.8800178,23.8798056,23.8796282,23.8810613,23.8864424,23.886063,23.8868479,23.8869344,23.8865331,23.884715,23.8842318,23.8831721,23.8864616,0.0878942596,0.104539086,0.134388014,0.121053829,0.116238205,0.140550265,0.136177705,0.131552553,0.143656896,0.146342035,0.148923905,0.132097464,0.127199076,10007,10004,10002,10004,10002,10002,10002,10001,10002,10.08,0.01,9.98,0.00,80.33,9.99,10.00,9999,10.01,10017,Passed,Passed,10.03,0.04
S223503535,03/09/2022 09:11:18 p. m.,108.53s,2,Passed,,0.179901,23.8441547,4.9928851,3.33191544,1.35282858,1.27719468,23.8544095,4.24601024,23.8788443,23.8795753,23.878873,23.8802443,23.8848981,23.8853975,23.8868784,23.8859406,23.8863417,23.8853122,23.8848509,23.8865618,23.8873418,0.020279769,0.0113054205,0.0139862069,0.0233120666,0.0295204817,0.0449696092,0.0549482082,0.0645881688,0.0759674176,0.0879942443,0.103573183,0.104603322,0.105634671,10005,10004,10000,10002,10001,10002,10000,10000,10000,10.09,0.01,9.98,0.00,80.33,10.00,10.00,9997,10.01,10015,Passed,Passed,10.01,0.04
S223503535,03/09/2022 09:13:24 p. m.,107.36s,2,Passed,,0.179779,23.8445286,4.99282152,3.33182485,1.35284677,1.27721017,23.838401,4.2769828,23.8777804,23.874499,23.8738411,23.8782332,23.8802962,23.8810938,23.8802256,23.8805671,23.8813975,23.8786453,23.8792541,23.8766483,23.8822919,0.14051159,0.14712719,0.176433147,0.147876185,0.126836595,0.145646133,0.130170003,0.116762021,0.125917967,0.124769012,0.12337436,0.108516051,0.108372287,10011,10008,10008,10009,10009,10008,10007,10008,10008,10.08,0.01,9.98,0.00,80.34,9.99,10.01,10008,10.01,10023,Passed,Passed,10.03,0.04
S223503535,03/09/2022 09:15:13 p. m.,98.08s,2,Passed,,0.179535,23.8452514,4.99275768,3.33180751,1.35288067,1.27722844,23.8552477,4.2884917,23.8765329,23.8813926,23.8769145,23.8782936,23.8842536,23.8841811,23.8846672,23.8845747,23.883757,23.8832834,23.8822476,23.8823891,23.8851204,0.141565182,0.148436869,0.178831936,0.151044219,0.131116956,0.151842189,0.137976731,0.126114642,0.136899354,0.137206065,0.138172101,0.123619544,0.123364879,10004,10002,10002,10003,10001,10001,10000,10001,10003,10.07,0.01,9.98,0.00,80.34,10.00,9.98,9991,10.01,10014,Passed,Passed,10.01,0.04
S223503535,03/09/2022 09:17:08 p. m.,104.00s,2,Passed,,0.179703,23.8453356,4.99272411,3.33176424,1.35291008,1.27726323,23.8417392,4.27729863,23.8807312,23.8808105,23.8801251,23.8814921,23.887349,23.887258,23.8868338,23.8867512,23.8876251,23.8851297,23.8848507,23.8838077,23.8880295,0.00707815743,0.00939161981,0.0144619741,0.0195344663,0.00631768914,0.0114693075,0.00809487487,0.0117337223,0.00993092355,0.0151078118,0.0269158369,0.0328146597,0.032934226,10006,10003,10002,10003,10002,10003,10001,10001,10002,10.09,0.01,9.98,0.00,80.34,10.00,9.98,9997,10.01,10017,Passed,Passed,10.03,0.04
S223503535,03/09/2022 09:19:19 p. m.,114.72s,2,Passed,,0.179459,23.8457743,4.99271372,3.33174332,1.35292198,1.27727403,23.8339474,4.27577092,23.87705,23.8824214,23.8775214,23.8788108,23.8845664,23.8844217,23.8844052,23.883963,23.8848805,23.8824737,23.8824114,23.8852763,23.8851271,0.119246137,0.119565542,0.13882566,0.113338392,0.0907679651,0.101124913,0.0861123462,0.0722955318,0.0779069793,0.074455531,0.0701010552,0.0567967656,0.0571273976,10003,10002,10001,10002,10001,10001,10000,10001,10002,10.09,0.01,9.98,0.00,80.33,9.99,9.98,9993,10.01,10014,Passed,Passed,10.01,0.04
S223503535,03/09/2022 09:21:30 p. m.,117.33s,2,Passed,,0.179825,23.8459597,4.99268454,3.3317106,1.35293295,1.27728638,23.8359535,4.27240733,23.881101,23.8867604,23.8819774,23.8833308,23.8888802,23.8893815,23.888271,23.8886501,23.8890812,23.8874462,23.8867792,23.888968,23.8893352,0.129680992,0.13901827,0.171778749,0.148014823,0.130225011,0.153079225,0.141163711,0.131068275,0.143327065,0.144524756,0.146719576,0.13280185,0.13186569,10004,10002,10002,10002,10002,10002,10001,10002,10002,10.09,0.01,9.98,0.00,80.35,10.00,9.98,9994,10.01,10015,Passed,Passed,10.01,0.04
S223503535,03/09/2022 09:23:56 p. m.,110.45s,2,Passed,,0.179611,23.8459161,4.99276201,3.33171297,1.35293234,1.27728889,23.8543408,4.2853375,23.8798295,23.8841207,23.8799116,23.8814413,23.8855867,23.8873281,23.886546,23.8865109,23.8862919,23.8850395,23.8843319,23.8831735,23.8881558,0.144257941,0.152816181,0.184960813,0.156721989,0.138244881,0.160480479,0.147385339,0.136581758,0.146253653,0.145231821,0.145585863,0.13002281,0.123106005,10013,10011,10010,10011,10010,10010,10010,10010,10010,10.09,0.01,9.98,0.00,80.33,10.00,10.00,10005,10.01,10025,Passed,Passed,10.03,0.04
S223503535,03/09/2022 09:26:07 p. m.,114.77s,2,Passed,,0.179123,23.8460193,4.99271268,3.33169726,1.35293783,1.27729349,23.8383709,4.28006504,23.8803715,23.8799486,23.87981,23.8811799,23.8862552,23.8873019,23.8874715,23.8873852,23.8868238,23.8858238,23.8846195,23.8831678,23.8882671,0.140814811,0.148254482,0.176167093,0.145347435,0.127066349,0.142124838,0.127140745,0.114836154,0.114625555,0.109150933,0.106640299,0.0915391764,0.0776225043,10003,10000,10002,10002,10002,10001,10001,10002,10003,10.09,0.01,9.98,0.00,80.35,10.00,9.98,9995,10.01,10012,Passed,Passed,10.03,0.04
S223502913,03/09/2022 09:29:13 p. m.,111.22s,2,Passed,,0.176239,23.8815235,5.01635427,3.31141016,1.35132876,1.27056755,23.8852402,23.8841622,23.8771152,23.8760797,23.8781136,23.8802587,23.880134,23.880388,23.8799385,23.8823419,23.882776,23.8822422,23.8812631,23.8785776,23.8782867,0.0760469148,0.0872008012,0.114188251,0.10551979,0.0933574033,0.114598038,0.10742182,0.102147401,0.104489921,0.11578751,0.117842597,0.117795757,0.104893409,9987,9989,9994,9992,9994,9992,9994,9995,9996,10.03,0.00,9.90,0.00,80.13,10.00,9.97,10000,10.01,10007,Passed,Passed,10.00,0.04
S223502913,03/09/2022 09:31:17 p. m.,113.20s,2,Passed,,0.178757,23.8891122,5.01707396,3.31118342,1.35177115,1.270779,23.8925691,4.6571964,23.8805848,23.8784525,23.878683,23.8852186,23.8859906,23.8852912,23.8860763,23.8859441,23.8855992,23.881381,23.8834524,23.8823176,23.886135,0.140101196,0.149308583,0.182347142,0.155491699,0.137301748,0.160031403,0.147043105,0.136294836,0.146416664,0.145918139,0.147383181,0.132655923,0.127849574,9988,9990,9994,9993,9994,9993,9995,9996,9997,10.03,0.01,9.90,0.00,80.14,10.00,9.97,9999,10.01,10007,Passed,Passed,10.00,0.04
S223502913,03/09/2022 09:33:14 p. m.,99.35s,2,Passed,,0.178497,23.8918942,5.01733593,3.31112578,1.35192409,1.27082647,23.8852537,4.2908408,23.8806158,23.8776155,23.8776388,23.8792019,23.8852978,23.8847522,23.8848359,23.8848215,23.8848021,23.881319,23.8834956,23.8814297,23.885501,0.0431804131,0.0542394268,0.0726603932,0.0686829018,0.0698793936,0.0866719615,0.0883335613,0.0900428707,0.0994539242,0.105354497,0.112477613,0.106525555,0.102966247,9987,9989,9996,9992,9996,9992,9997,9996,9999,10.03,0.01,9.90,0.00,80.15,10.00,9.99,10006,10.01,10006,Passed,Passed,10.00,0.04
S223502913,03/09/2022 09:35:23 p. m.,111.94s,2,Passed,,0.178253,23.8936611,5.0174211,3.31107375,1.35199492,1.27084322,23.8755394,4.28698573,23.8764799,23.8808495,23.8771732,23.8790449,23.8843156,23.8847073,23.884907,23.8839547,23.8847847,23.8835334,23.8821563,23.8855304,23.8818443,0.0275204585,0.0354733108,0.0459911115,0.0422525159,0.0406570554,0.0469582874,0.0440761807,0.0435991641,0.0416366772,0.0419643126,0.0478837756,0.0467857177,0.0399831756,9988,9989,9996,9992,9996,9992,9997,9997,9999,10.03,0.01,9.90,0.00,80.16,10.00,9.99,10006,10.01,10007,Passed,Passed,10.00,0.04
S223502913,03/09/2022 09:37:39 p. m.,105.37s,2,Passed,,0.178421,23.8941103,5.0174709,3.31104059,1.35202686,1.2708562,23.8945867,4.28518425,23.8815237,23.877629,23.8778377,23.8807279,23.8846876,23.8856112,23.8849384,23.8850529,23.8850808,23.8810691,23.8831413,23.8834917,23.8863614,0.0548353724,0.0744228816,0.104416733,0.0996526075,0.0996621165,0.122497207,0.120149782,0.118643337,0.129749389,0.133882049,0.140775603,0.131053141,0.129501123,9985,9987,9994,9990,9994,9991,9994,9995,9997,10.05,0.01,9.90,0.00,80.17,9.99,9.99,10006,10.01,10003,Passed,Passed,10.00,0.04
S223502913,03/09/2022 09:39:46 p. m.,106.98s,2,Passed,,0.177231,23.8951918,5.01758925,3.31098056,1.3520574,1.27087032,23.9002022,4.29464389,23.8659188,23.8651154,23.8654358,23.8691448,23.873114,23.8726123,23.8725946,23.8728689,23.8722689,23.8691818,23.870492,23.8702306,23.874197,0.115341377,0.112958414,0.126957582,0.0909328569,0.0793364005,0.0542985652,0.0557556894,0.0392390583,0.0262599504,0.0248143909,0.0192653941,0.0176802946,0.0157827552,9989,9991,9996,9991,9995,9992,9996,9995,9996,9.99,0.01,9.90,0.00,80.16,10.00,10.00,10003,10.01,10007,Passed,Passed,10.00,0.04
S223502913,03/09/2022 10:00:20 p. m.,106.29s,2,Passed,,0.179291,23.8911802,5.01733199,3.31096904,1.35198635,1.27084912,23.8583056,4.28376155,23.8829894,23.8863483,23.8832203,23.8848724,23.890231,23.8896273,23.8907012,23.8897718,23.8897578,23.8883185,23.8883499,23.8863187,23.8910056,0.0052508289,0.0127206392,0.0341278635,0.0478815756,0.0494652892,0.0744499687,0.0785904526,0.0810694555,0.102812726,0.11212394,0.120140061,0.112435737,0.118042181,9987,9989,9994,9991,9994,9991,9995,9996,9997,10.03,0.01,9.90,0.00,80.15,10.00,9.97,10003,10.01,10005,Passed,Passed,10.00,0.04
S223502913,03/09/2022 10:03:17 p. m.,109.59s,2,Passed,,0.178055,23.8930135,5.01748011,3.31095702,1.35203295,1.27086276,23.9000389,23.8972978,23.8817321,23.885177,23.8814213,23.8830604,23.8886476,23.8890619,23.8888939,23.8887455,23.8885911,23.8869541,23.8863548,23.886303,23.8884832,0.0938726376,0.11215183,0.144983572,0.128946086,0.121206243,0.143912673,0.136649015,0.130409952,0.140933397,0.142984939,0.147435201,0.134778188,0.132505239,9986,9988,9994,9990,9994,9991,9996,9995,9997,10.05,0.01,9.90,0.00,80.15,9.99,9.99,10007,10.01,10003,Passed,Passed,10.00,0.04
S223502913,03/09/2022 10:05:23 p. m.,104.83s,2,Passed,,0.178177,23.8949474,5.01763476,3.31096339,1.35207512,1.27087067,23.8847634,4.27794407,23.8810879,23.885476,23.8816535,23.8833325,23.8882879,23.8888697,23.8887619,23.8885135,23.888984,23.8871285,23.8867681,23.8895864,23.8886917,0.0069774902,0.00996820988,0.0180350645,0.023668869,0.0243970763,0.032384965,0.0335572039,0.0355705738,0.0339224283,0.0345268609,0.0410214512,0.0390238921,0.0306438767,9987,9990,9996,9993,9997,9993,9998,9998,10001,10.03,0.01,9.90,0.00,80.16,10.00,9.99,10006,10.01,10006,Passed,Passed,10.00,0.04
S223503990,03/09/2022 10:07:53 p. m.,105.75s,2,Passed,,0.184265,23.841929,5.00499377,3.32351403,1.35000748,1.27398318,23.8473293,4.27215771,23.8837692,23.8807025,23.8808014,23.8880716,23.8876221,23.8874997,23.8882735,23.8882368,23.8882086,23.8862533,23.8823742,23.8845501,23.8865397,0.0305636671,0.0375526298,0.0564673245,0.0586379502,0.0519573278,0.0688625253,0.0646470357,0.0597202309,0.0709307238,0.0738184764,0.073676756,0.0649319094,0.0679628667,10004,10003,10002,10002,10001,10000,10001,10000,10001,10.06,0.00,9.90,0.00,80.25,9.99,10.00,10001,10.01,10012,Passed,Passed,10.01,0.04
S223503990,03/09/2022 10:10:05 p. m.,108.91s,2,Passed,,0.182327,23.8473458,5.00525805,3.32325727,1.3504607,1.27445674,23.8525726,4.27784777,23.8821668,23.8818361,23.8809724,23.882634,23.8877528,23.8877457,23.8886945,23.8884222,23.8880022,23.8874457,23.8870187,23.8891097,23.8893437,0.0664115788,0.0648305625,0.0673543046,0.0486817659,0.0373517592,0.0327947397,0.0217115906,0.0154007316,0.00625797791,0.0135052726,0.0217431598,0.0221315223,0.0300171095,10003,10003,10002,10003,10003,10002,10002,10003,10003,10.06,0.01,9.90,0.00,80.27,9.99,9.98,9999,10.01,10010,Passed,Passed,10.01,0.04
S223503990,03/09/2022 10:12:19 p. m.,111.55s,2,Passed,,0.182007,23.8493889,5.00529446,3.32314562,1.35062373,1.27459612,23.8527469,4.27390197,23.8818389,23.8871988,23.8825105,23.8842244,23.8879366,23.8894371,23.8899996,23.8894465,23.8897599,23.8884582,23.887619,23.8865351,23.8908196,0.0648264056,0.0719167355,0.0944476751,0.088304453,0.0780549294,0.0976697457,0.092428351,0.0861196907,0.099619001,0.103048193,0.105264773,0.0950758709,0.0989963855,10001,10000,10001,10000,10000,10000,10001,10000,10002,10.06,0.00,9.90,0.00,80.28,9.99,9.97,9993,10.01,10007,Passed,Passed,10.01,0.04
S223503990,03/09/2022 10:14:21 p. m.,108.39s,2,Passed,,0.182083,23.8505894,5.00529923,3.32311494,1.35069255,1.27464388,23.8399304,4.30420214,23.8841002,23.8866944,23.8828837,23.884419,23.8868625,23.8899906,23.8896179,23.8899325,23.889667,23.8890438,23.8870221,23.8908646,23.8871834,0.118918785,0.131591711,0.166871382,0.146514059,0.131579788,0.156181136,0.145442388,0.135676552,0.147176351,0.147447211,0.149445653,0.134955561,0.130763294,10002,10002,10003,10002,10003,10002,10003,10003,10005,10.06,0.01,9.90,0.00,80.28,9.99,9.99,9998,10.01,10009,Passed,Passed,10.01,0.04
S223503990,03/09/2022 10:16:17 p. m.,101.42s,2,Passed,,0.181793,23.8511293,5.00529813,3.32301693,1.35073949,1.27468567,23.8447198,4.26385874,23.8825607,23.8872433,23.8830158,23.8847497,23.8903124,23.8900353,23.8898923,23.8905732,23.8902099,23.8884172,23.8885358,23.8868682,23.8911727,0.144858022,0.153675018,0.18482114,0.154991177,0.136206818,0.154762831,0.140326024,0.128717109,0.133948493,0.131575746,0.132874956,0.12052215,0.114704233,10002,10001,10001,10002,10001,10002,10001,10002,10002,10.06,0.01,9.90,0.00,80.30,9.99,9.98,9995,10.01,10010,Passed,Passed,10.00,0.04
S223503990,03/09/2022 10:18:15 p. m.,102.34s,2,Passed,,0.181763,23.8514507,5.00530615,3.3229959,1.3507654,1.27471053,23.8583773,4.26549513,23.8816694,23.8870719,23.8819342,23.8836621,23.8894401,23.8890959,23.8887994,23.8897069,23.8887054,23.887981,23.8877473,23.8894819,23.8898693,0.115927741,0.128021157,0.162414337,0.143164946,0.128026918,0.15247944,0.141722338,0.131912412,0.144054079,0.145075149,0.147437425,0.133523695,0.132377817,10001,10000,10001,10001,10000,10001,10000,10001,10002,10.06,0.00,9.90,0.00,80.31,9.99,9.97,9993,10.01,10007,Passed,Passed,10.01,0.04
S223503990,03/09/2022 10:20:16 p. m.,110.99s,2,Passed,,0.181381,23.8521115,5.0053056,3.32297639,1.35079122,1.27473489,23.8419599,23.8547163,23.8831816,23.8828803,23.8827699,23.8827232,23.889809,23.889396,23.8894404,23.8899979,23.8898721,23.8868725,23.8881289,23.8840546,23.8905306,0.13026526,0.144300029,0.153881407,0.185672736,0.155495983,0.135822693,0.152601959,0.136160412,0.122163421,0.122372875,0.11548417,0.112992974,0.0984024876,10002,10002,10001,10002,10001,10002,10001,10002,10002,10.04,0.01,9.90,0.00,80.31,9.99,9.98,9993,10.01,10010,Passed,Passed,10.01,0.04
S223503990,03/09/2022 10:22:15 p. m.,105.60s,2,Passed,,0.181549,23.8523477,5.00527528,3.32290401,1.35080338,1.27474236,23.8553473,4.28357044,23.8822093,23.8881287,23.8829085,23.8847783,23.8892911,23.8904727,23.8897831,23.890594,23.8897365,23.8889272,23.8887495,23.888255,23.8909101,0.0447643839,0.0551900556,0.0803407065,0.0818726435,0.0767687762,0.102835612,0.102386337,0.101839245,0.120790414,0.127861421,0.133976017,0.123955262,0.127156004,10001,10000,10001,10002,10000,10000,10000,10000,10002,10.06,0.00,9.90,0.00,80.29,9.99,9.97,9993,10.01,10009,Passed,Passed,10.01,0.04
S223503990,03/09/2022 10:24:31 p. m.,102.07s,2,Passed,,0.181595,23.8518138,5.00529887,3.32294855,1.35079525,1.27473911,23.8575546,4.25294195,23.8826795,23.8826643,23.8833753,23.8843115,23.8844742,23.8899891,23.8895915,23.8897939,23.8896879,23.8882639,23.8881635,23.890188,23.8868391,0.0337171365,0.0328719055,0.0396777284,0.037098979,0.0233216922,0.029336018,0.0219206841,0.0156285297,0.0182972393,0.0170078623,0.0180417183,0.0138765167,0.00517217594,10000,9999,10000,10000,10000,10000,9999,10001,10002,10.06,0.00,9.90,0.00,80.31,9.99,9.97,9991,10.01,10007,Passed,Passed,10.01,0.04
S223503654,03/09/2022 10:27:48 p. m.,133.65s,2,Failed,AO1 Voltage Output Mode 10V,0.182205,23.7989539,5.01602871,3.33596328,1.34573494,1.27773572,23.8001642,4.272099,23.8789975,23.8794103,23.8823015,23.8859921,23.8871909,23.8871894,23.8864296,23.8872368,23.886302,23.8853546,23.8811757,23.8845633,23.884854,0.0267271723,0.0393103597,0.0535015648,0.0522606755,0.0530409449,0.0643095768,0.0638067618,0.0659123537,0.0703063205,0.0738953873,0.0820695952,0.0786498331,0.0747531265,9994,9994,9998,9997,9998,9996,9998,9999,9999,0.00,,,,,,,,,,,,,
S223503654,03/09/2022 10:30:00 p. m.,110.12s,2,Passed,,0.177277,23.8051722,5.01640063,3.33575047,1.34615895,1.27796467,23.8040352,23.8057108,23.8721645,23.8777326,23.8721362,23.8721345,23.8787356,23.879599,23.8795069,23.8792609,23.880005,23.8790116,23.8785282,23.8764492,23.8804293,0.127127015,0.136974654,0.14221766,0.169731431,0.14137407,0.118852438,0.133400306,0.115029991,0.0963485886,0.0928446951,0.084611968,0.0747089153,0.0623933619,9994,9995,9999,9997,9999,9996,9998,9998,9999,10.08,0.00,9.88,0.00,80.15,9.99,10.02,10001,10.01,10018,Passed,Passed,10.02,0.04
S223503654,03/09/2022 10:32:03 p. m.,98.80s,2,Passed,,0.179871,23.8060043,5.01632393,3.33572379,1.34627082,1.27802338,23.810325,4.28376723,23.8814543,23.8816898,23.8811217,23.8826495,23.8876341,23.8875548,23.8887361,23.8885596,23.8879071,23.8868077,23.8862848,23.886132,23.8884118,0.0727640457,0.0911410947,0.122568723,0.114556569,0.11257024,0.138203465,0.134627388,0.130595523,0.142782914,0.145860984,0.149629654,0.134723578,0.131007775,9988,9989,9990,9990,9990,9989,9991,9991,9990,10.08,0.00,9.88,0.00,80.14,10.00,9.97,9992,10.00,10009,Passed,Passed,10.02,0.04
S223503654,03/09/2022 10:33:54 p. m.,99.61s,2,Passed,,0.179779,23.8072017,5.01640201,3.33566024,1.3463317,1.27805149,23.7889807,4.22803145,23.8804003,23.879785,23.8811374,23.8819239,23.8820517,23.8853285,23.8871939,23.8880438,23.8869738,23.8867036,23.8858412,23.8879014,23.8873054,0.0504137273,0.0445334874,0.047303761,0.0363157444,0.0157563061,0.0143873625,0.0085355212,0.0199394801,0.0284126002,0.0413109556,0.0578028458,0.0667311456,0.0700337396,9987,9990,9991,9991,9991,9989,9991,9992,9992,10.08,0.00,9.88,0.00,80.14,9.99,9.98,9990,10.01,10011,Passed,Passed,10.02,0.04
S223503654,03/09/2022 10:36:11 p. m.,111.63s,2,Passed,,0.179901,23.8074018,5.01645782,3.3356152,1.3463591,1.27806092,23.7990526,4.24961863,23.8812652,23.8822734,23.8819044,23.8829711,23.8831229,23.8882987,23.8880731,23.8888922,23.8884885,23.8866661,23.8863262,23.8890866,23.8875744,0.143339014,0.151922585,0.1826159,0.15398416,0.136967906,0.157803706,0.145528121,0.135504625,0.144558798,0.145138957,0.14843191,0.135271257,0.132387511,9987,9989,9991,9991,9991,9989,9991,9991,9991,10.08,0.00,9.88,0.00,80.14,10.00,9.98,9991,10.00,10011,Passed,Passed,10.02,0.04
S223503654,03/09/2022 10:38:20 p. m.,105.85s,2,Passed,,0.179169,23.8075833,5.01647543,3.33555575,1.34637941,1.27807326,23.8118712,4.26763512,23.8737348,23.8782924,23.8744938,23.8762497,23.8812859,23.8818806,23.8818386,23.8823944,23.8821621,23.8813406,23.8797429,23.8823519,23.8790404,0.122359172,0.129411676,0.157777168,0.134896556,0.116534116,0.135982931,0.123067753,0.111271091,0.121160785,0.121057551,0.120305557,0.106315799,0.106871553,9994,9996,9998,9997,9999,9996,9999,9997,9999,10.09,0.00,9.88,0.00,80.15,10.00,10.01,10000,10.01,10019,Passed,Passed,10.02,0.04
S223503654,03/09/2022 10:40:31 p. m.,121.54s,2,Passed,,0.179245,23.8085308,5.01641524,3.33554169,1.34640788,1.27808208,23.7969287,4.24844756,23.8737189,23.879102,23.8744578,23.8763103,23.8818569,23.8818645,23.8821304,23.8813161,23.8811408,23.8807532,23.880242,23.8802164,23.8815953,0.0846785536,0.097238986,0.122985765,0.110627554,0.107197467,0.130610066,0.127702213,0.125547291,0.13745319,0.142364223,0.148654983,0.13658654,0.133803349,9988,9991,9991,9991,9991,9989,9991,9991,9991,10.08,0.00,9.88,0.00,80.15,10.00,9.98,9993,10.01,10012,Passed,Passed,10.02,0.04
S223503654,03/09/2022 10:42:44 p. m.,103.10s,2,Passed,,0.179001,23.80812,5.01638214,3.33559387,1.34640074,1.27808809,23.8147193,4.25129019,23.8729879,23.8706016,23.8704471,23.8754055,23.8784745,23.8777322,23.8784048,23.8779318,23.8779967,23.8748406,23.8767971,23.8759885,23.8787255,0.142590123,0.151073384,0.181092809,0.151967196,0.135547578,0.155663939,0.144021004,0.134532169,0.14317981,0.144101543,0.148207567,0.135923937,0.132959664,9988,9990,9990,9991,9991,9989,9992,9992,9991,10.08,0.00,9.88,0.00,80.14,10.00,9.98,9993,10.01,10011,Passed,Passed,10.01,0.04
S223503654,03/09/2022 10:45:01 p. m.,114.57s,2,Passed,,0.178833,23.8088503,5.01645843,3.33552769,1.34642447,1.27809666,23.8128539,4.26769438,23.8709105,23.8756755,23.8715374,23.8732878,23.8795801,23.8782954,23.8791422,23.8789492,23.8787115,23.8768222,23.8762605,23.8754071,23.8787364,0.0347327523,0.0396564421,0.0577417682,0.0575012802,0.049590532,0.0659342097,0.0638564638,0.0608400521,0.0742864006,0.0791910483,0.0830579998,0.0760572301,0.0820961721,9988,9992,9992,9991,9992,9991,9992,9992,9992,10.09,0.00,9.88,0.00,80.15,10.00,9.98,9992,10.01,10013,Passed,Passed,10.02,0.04
S223503654,03/09/2022 10:48:08 p. m.,103.00s,2,Passed,,0.179535,23.8079323,5.01654621,3.33547345,1.34640634,1.27808718,23.8101859,4.251586,23.8814873,23.881965,23.8817725,23.8831642,23.8877917,23.8887369,23.8882153,23.8889041,23.8891218,23.8881856,23.8868492,23.8896816,23.8848118,0.0412679437,0.0312329578,0.0294156827,0.0228195601,0.00770170982,0.0189535138,0.0272833757,0.0389049742,0.0478411092,0.0585702466,0.0738119431,0.0780217937,0.0796408795,9996,9999,10001,9999,10001,9999,10001,10002,10001,10.08,0.00,9.88,0.00,80.15,10.00,10.01,10000,10.01,10022,Passed,Passed,10.01,0.04
S223503691,03/09/2022 10:51:12 p. m.,130.42s,2,Failed,AO1 Voltage Output Mode 10V,0.183823,23.700416,4.98783444,3.31917782,1.35026176,1.27467977,23.7073644,4.26691607,23.8808033,23.8812164,23.8813127,23.888529,23.8882034,23.8891619,23.88849,23.8882076,23.8853975,23.8862574,23.8838573,23.8850609,23.8871886,0.0151498816,0.0220111122,0.0285484932,0.0297822841,0.0299266261,0.0373586318,0.038859355,0.0424942724,0.0453506866,0.0499846456,0.0598011782,0.0607994651,0.0568368716,9991,9992,9994,9992,9995,9993,9995,9993,9994,0.00,,,,,,,,,,,,,
S223503691,03/09/2022 10:53:13 p. m.,110.13s,2,Passed,,0.180237,23.7085968,4.9880516,3.31890058,1.35065625,1.27507999,23.7097603,23.7089745,23.8850206,23.8800355,23.8799629,23.88411,23.8865565,23.886965,23.8880008,23.8874254,23.8878724,23.8846167,23.8859168,23.8819779,23.8875805,0.0544921465,0.0616132534,0.0710773857,0.0872141185,0.0753442474,0.0709079039,0.0814393305,0.0764279929,0.0734478858,0.0737997005,0.0723765985,0.0759238984,0.0700610952,9989,9991,9995,9993,9996,9993,9996,9996,9997,10.00,0.01,9.96,0.01,80.27,9.99,9.98,10003,10.01,10009,Passed,Passed,9.99,0.04
S223503691,03/09/2022 10:55:52 p. m.,99.69s,2,Passed,,0.181839,23.7090819,4.98805485,3.3187636,1.3507638,1.27515523,23.6968234,4.27227313,23.8804489,23.8850626,23.8801426,23.8817865,23.8878671,23.8876722,23.8872862,23.8866859,23.8879022,23.8854983,23.8849185,23.8885177,23.8884942,0.119600092,0.131338676,0.16689382,0.146299354,0.131905575,0.156816155,0.146386936,0.137026041,0.148027508,0.148401301,0.150055322,0.135780191,0.130908844,9991,9992,9996,9994,9997,9994,9997,9997,9998,10.03,0.01,9.96,0.02,80.29,10.00,9.98,10003,10.01,10010,Passed,Passed,9.99,0.04
S223503691,03/09/2022 10:57:49 p. m.,101.28s,2,Passed,,0.181381,23.7112116,4.98804239,3.31871195,1.35082113,1.27520744,23.7266848,4.28358025,23.8791919,23.8841146,23.8797874,23.8814604,23.8874685,23.8870164,23.8875893,23.8877017,23.8871509,23.8860788,23.8853416,23.8842583,23.8890008,0.0754050564,0.0750664641,0.0887146351,0.0746607566,0.0570945806,0.0653885021,0.0542850992,0.0441680885,0.0493882524,0.0485267795,0.0457000488,0.0341951051,0.03366931,9989,9990,9996,9993,9996,9992,9997,9996,9998,10.03,0.01,9.96,0.01,80.27,9.99,9.98,10003,10.01,10008,Passed,Passed,9.99,0.04
S223503691,03/09/2022 11:14:31 p. m.,111.14s,2,Passed,,0.192429,23.7044676,4.98825406,3.31846582,1.35074817,1.27519528,23.719505,4.27386005,23.8812496,23.8809689,23.8864981,23.8889997,23.8882327,23.8885487,23.8893605,23.8856576,23.8882464,23.8824073,23.8878273,23.8891695,23.8845289,0.0765898569,0.0746105942,0.0876924905,0.0730432414,0.0553443072,0.0633342609,0.0527415585,0.0418992817,0.0445925863,0.040671382,0.034177399,0.0214253067,0.0155676107,9990,9991,9996,9993,9996,9993,9996,9996,9997,10.03,0.01,9.96,0.01,80.27,9.99,9.98,10000,10.01,10010,Passed,Passed,9.99,0.04
S223503691,03/09/2022 11:17:54 p. m.,100.33s,2,Passed,,0.181503,23.7107254,4.98815206,3.31855736,1.35084403,1.27524029,23.7288813,4.28566724,23.887549,23.8828029,23.8832031,23.890245,23.8902898,23.8902833,23.890899,23.8906788,23.8905381,23.8891231,23.8889027,23.8876712,23.8908501,0.106542102,0.116370882,0.141902258,0.121415112,0.112392709,0.13136119,0.123583485,0.116775801,0.123365597,0.123566753,0.127517115,0.117931335,0.113057823,9992,9993,9997,9995,9998,9995,9998,9998,9999,10.03,0.01,9.96,0.01,80.28,9.99,9.98,10001,10.01,10012,Passed,Passed,9.99,0.04
S223503691,03/09/2022 11:21:00 p. m.,114.24s,2,Passed,,0.181305,23.7112243,4.98812654,3.31853327,1.35084486,1.27524657,23.7288187,4.2884153,23.8819466,23.8866667,23.8821976,23.8837992,23.8892871,23.8896121,23.8892876,23.8895328,23.8900117,23.8878736,23.8873014,23.8855858,23.8915171,0.115976818,0.120810576,0.146829854,0.123788947,0.104595202,0.122271427,0.110619405,0.100430992,0.100468076,0.111887554,0.113342721,0.114145167,0.101729765,9987,9989,9993,9991,9994,9991,9993,9994,9996,10.03,0.01,9.96,0.02,80.26,9.99,9.99,10000,10.01,10006,Passed,Passed,9.99,0.04
S223503691,03/09/2022 11:23:07 p. m.,112.78s,2,Passed,,0.181305,23.7130229,4.98810101,3.3185239,1.35088598,1.27527237,23.7158589,4.27286166,23.8826343,23.887731,23.8830209,23.8847196,23.8901616,23.8899883,23.8909306,23.8906536,23.8901363,23.889377,23.8884323,23.8876148,23.890734,0.0951374167,0.0913197473,0.0916544531,0.109267204,0.0906663016,0.0724701568,0.0831123116,0.0718050544,0.0616643255,0.0676450527,0.0659646235,0.0631147597,0.051032425,9990,9992,9993,9991,9994,9992,9994,9993,9994,10.00,0.01,9.96,0.02,80.27,9.99,9.97,9995,10.01,10010,Passed,Passed,9.99,0.04
S223503691,03/09/2022 11:25:14 p. m.,107.60s,2,Passed,,0.181381,23.7131917,4.98804063,3.31856298,1.35087291,1.27525707,23.7144725,23.713581,23.8884036,23.8841,23.8841431,23.8887441,23.8918504,23.8919887,23.8914663,23.8909549,23.8921071,23.8896497,23.8904087,23.88863,23.8928555,0.0528882691,0.0612341122,0.0715764271,0.0894828698,0.0784003226,0.0747480376,0.0880592738,0.0849340648,0.0836001651,0.0875892012,0.089499184,0.0956484838,0.0904716836,9989,9991,9996,9994,9995,9994,9994,9996,9998,10.03,0.01,9.96,0.01,80.28,9.99,9.99,10000,10.01,10010,Passed,Passed,9.99,0.04
S223503691,03/09/2022 11:27:28 p. m.,119.54s,2,Passed,,0.181259,23.7134911,4.98802853,3.31851144,1.35090756,1.27528447,23.7300089,4.2879809,23.8837199,23.8873377,23.8839542,23.8855199,23.8900421,23.8909034,23.8914307,23.8905684,23.8917503,23.8894372,23.8899249,23.8889162,23.8924807,0.143368133,0.150668408,0.178260784,0.146936608,0.128622235,0.143422151,0.128642509,0.117023486,0.118742125,0.115144864,0.115869247,0.1026621,0.0981461045,9991,9992,9997,9995,9997,9994,9997,9997,9998,10.03,0.01,9.96,0.02,80.26,9.99,9.98,10000,10.01,10012,Passed,Passed,9.99,0.04
S223503995,03/09/2022 11:31:03 p. m.,105.10s,2,Passed,,0.183411,23.8141904,4.99017398,3.33929382,1.34910159,1.27283008,23.8153026,4.278311,23.8778344,23.8781386,23.8781641,23.8848179,23.8848653,23.885871,23.885865,23.8852894,23.8849742,23.8793649,23.8797398,23.8836695,23.8838838,0.124176762,0.12867219,0.154539724,0.130317131,0.110202737,0.126447531,0.111639817,0.0971217502,0.103103509,0.0946695783,0.0877049688,0.0779711226,0.0581742286,9998,9997,9999,9999,9999,9999,9999,9999,9999,10.09,0.01,10.09,0.00,80.17,9.99,9.99,10001,10.01,9999,Passed,Passed,10.03,0.04
S223503995,03/09/2022 11:33:36 p. m.,107.78s,2,Passed,,0.181549,23.8209401,4.99024812,3.33934737,1.34953858,1.27315366,23.8219223,4.27070383,23.8827606,23.8779953,23.8781511,23.8858094,23.8854219,23.8858713,23.885634,23.8857182,23.8857997,23.8843938,23.8844892,23.8843602,23.8862009,0.0189601607,0.0118338239,0.0128946415,0.0189203248,0.0197617928,0.0326597678,0.0408344884,0.0513535401,0.0612652531,0.0716721522,0.0864621008,0.090122012,0.0927378669,9998,9998,9997,9999,9999,9998,9999,9999,9998,10.09,0.01,10.09,0.00,80.18,9.99,9.98,9999,10.01,9998,Passed,Passed,10.03,0.04
S223503995,03/09/2022 11:35:41 p. m.,114.88s,2,Passed,,0.181061,23.8245076,4.99014498,3.33935531,1.34968173,1.27323653,23.8250975,23.8245283,23.8835604,23.8790523,23.879576,23.884042,23.8866381,23.8871711,23.887375,23.887051,23.8874073,23.8863894,23.8854617,23.8858644,23.8886232,0.12139186,0.129682934,0.134055134,0.160252517,0.133997494,0.112753514,0.129306151,0.114273662,0.101191959,0.109244134,0.107190549,0.102230632,0.0870219082,10005,10005,10007,10007,10009,10006,10008,10008,10008,10.07,0.01,10.09,0.00,80.17,10.00,10.01,10012,10.01,10009,Passed,Passed,10.03,0.04
S223503995,03/09/2022 11:39:06 p. m.,92.46s,2,Passed,,0.180725,23.8243064,4.99019738,3.33929024,1.3497266,1.27325715,23.7964437,4.29694878,23.8897628,23.8898664,23.890164,23.8917467,23.8919459,23.8921793,23.8921152,23.8923094,23.892454,23.8909821,23.89108,23.8934424,23.8934198,0.00498136517,0.0116667696,0.0255050319,0.0332757082,0.0260232821,0.0384432558,0.0371116898,0.0349306982,0.0442001101,0.0473377061,0.047256659,0.0388715298,0.0421250216,10004,10004,10006,10006,10007,10006,10007,10007,10007,10.07,0.01,10.09,0.00,80.20,10.00,10.01,9996,10.01,10004,Passed,Passed,10.03,0.04
S223503995,03/09/2022 11:41:03 p. m.,105.30s,2,Passed,,0.180557,23.8265062,4.99013167,3.33931507,1.34976516,1.27329113,23.8320491,4.27965771,23.8817832,23.8819079,23.8818866,23.8842419,23.8890502,23.8886203,23.8889456,23.8882853,23.8893869,23.8853947,23.8879272,23.8852781,23.8891543,0.048608916,0.0520725371,0.0674146698,0.060834772,0.0474145173,0.0559618858,0.0452876038,0.0330241675,0.0326188686,0.0254007205,0.01936393,0.0130679258,0.0102413119,10003,10003,10006,10005,10007,10004,10007,10007,10007,10.08,0.01,10.09,0.00,80.21,10.00,10.01,10006,10.01,10006,Passed,Passed,10.03,0.04
S223503995,03/09/2022 11:43:05 p. m.,101.12s,2,Passed,,0.180649,23.8272374,4.99009865,3.33932631,1.34981433,1.2733185,23.839341,4.27797395,23.8836627,23.8838883,23.8831982,23.8847778,23.890472,23.8896621,23.890516,23.8895497,23.8901936,23.8877433,23.8891446,23.8865713,23.890883,0.145562674,0.152923108,0.18412856,0.15506607,0.135153394,0.15589702,0.142082131,0.129860834,0.140548722,0.141102132,0.14223356,0.12744959,0.127062279,10002,10002,10004,10003,10004,10003,10005,10004,10004,10.07,0.01,10.09,0.00,80.21,10.00,10.01,10003,10.01,10004,Passed,Passed,10.03,0.04
S223503995,03/09/2022 11:45:04 p. m.,109.70s,2,Passed,,0.180481,23.8282171,4.99006266,3.33928894,1.34984376,1.27333429,23.8306437,4.29072496,23.8837929,23.8823982,23.882478,23.8839452,23.8894432,23.8890244,23.8889826,23.8897865,23.889392,23.887911,23.8883426,23.8862555,23.8900549,0.130152126,0.137163309,0.162092392,0.133152304,0.117838534,0.131526865,0.11814064,0.107854055,0.108794071,0.104331814,0.105002988,0.0940213392,0.0844437576,10003,10003,10005,10004,10006,10004,10005,10005,10004,10.08,0.01,10.09,0.00,80.21,10.00,10.01,10005,10.01,10006,Passed,Passed,10.03,0.04
S223503995,03/09/2022 11:47:04 p. m.,105.36s,2,Passed,,0.180405,23.8283827,4.99005295,3.33930129,1.3498444,1.27332699,23.8311552,4.29039984,23.8800648,23.882502,23.8789681,23.880652,23.8864453,23.8861507,23.8862658,23.8861577,23.8860185,23.8841067,23.885127,23.8848402,23.8873308,0.119641695,0.126128935,0.154693061,0.13273981,0.116404591,0.137791385,0.127574243,0.118347302,0.130438981,0.132981226,0.136241035,0.123883491,0.12513667,10004,10005,10006,10005,10007,10006,10007,10007,10007,10.07,0.01,10.09,0.00,80.19,10.00,10.01,10011,10.01,10007,Passed,Passed,10.00,0.04
S223503995,03/09/2022 11:48:59 p. m.,99.58s,2,Passed,,0.180313,23.828501,4.99002528,3.33928941,1.34986132,1.27334697,23.8229824,4.28109621,23.8855635,23.8828677,23.8831093,23.8904764,23.8906576,23.8897052,23.8896809,23.8897564,23.8907442,23.8875721,23.8889798,23.8883825,23.8906954,0.105971065,0.111518655,0.129554058,0.106220071,0.0931682869,0.100510559,0.0884237679,0.0785928755,0.0739666142,0.067759845,0.0667782412,0.0573607797,0.0440695326,10005,10006,10008,10007,10009,10007,10009,10009,10008,10.08,0.01,10.09,0.00,80.21,10.00,10.01,10013,10.01,10009,Passed,Passed,10.00,0.04
